Time:,53:21.6,Size:,250,CPU:,Intel(R) Xeon(R) Gold 6130 CPU @ 2.10GHz,,,,
MSE,H1,H2,Epochs,Batch Size,Learning rate,,,,
0.028458614,4,2,40,97,0.024304865,,,,
0.030920893,4,4,114,218,0.027332871,,,,
0.032678814,6,4,206,173,0.091403429,,,,0.028458614
0.033339844,4,2,141,33,0.036836657,,,,0.030920893
0.033978815,4,4,115,219,0.030462178,,,,0.032678814
0.034281269,4,10,276,261,0.065015569,,,,0.033339844
0.034313076,4,8,274,231,0.065256152,,,,0.033978815
0.035330824,4,2,40,35,0.024051688,,,,0.034281269
0.035543477,6,2,209,172,0.085305437,,,,0.034313076
0.035628325,4,6,275,163,0.064545262,,,,0.035330824
0.035755873,4,2,133,202,0.009669953,,,,0.035543477
0.035771206,6,6,204,168,0.07909567,,,,0.035628325
0.035789497,4,2,40,219,0.024182265,,,,0.334473952
0.035931194,4,4,40,24,0.027421273,,,,
0.036642207,4,2,40,267,0.034368454,,,,
0.03665333,4,2,40,61,0.024031892,,,,
0.036851229,4,2,120,88,0.012006459,,,,
0.037010568,6,6,83,48,0.058048428,,,,
0.037643735,6,6,77,42,0.06979801,,,,
0.03772976,4,2,156,1,0.024868174,,,,
0.037842843,4,6,274,270,0.064928358,,,,
0.038296744,4,2,40,300,0.024935544,,,,
0.038362587,4,8,275,106,0.064288206,,,,
0.038568189,4,6,260,84,0.061138379,,,,
0.038573592,4,6,116,142,0.013125213,,,,
0.038650093,4,2,124,156,0.011260613,,,,
0.038851322,4,2,40,300,0.035324071,,,,
0.03905838,8,4,40,299,0.008912896,,,,
0.039166693,4,6,205,150,0.099159131,,,,
0.03929516,6,4,102,30,0.061374835,,,,
0.039633704,4,2,119,280,0.01842076,,,,
0.039791024,4,10,40,3,0.027174238,,,,
0.040264599,4,2,40,1,0.023872109,,,,
0.040321309,4,2,273,105,0.064829641,,,,
0.040524474,6,4,209,202,0.077465226,,,,
0.04056536,4,2,252,174,0.023445315,,,,
0.040595175,4,6,274,199,0.066437066,,,,
0.040676681,4,2,150,84,0.023604558,,,,
0.040708422,6,6,103,38,0.040752861,,,,
0.040757084,4,2,40,300,0.022830964,,,,
0.040924445,4,8,60,87,0.080401759,,,,
0.041262729,4,2,40,132,0.1,,,,
0.041305853,6,4,207,182,0.1,,,,
0.041316485,6,6,76,60,0.068297841,,,,
0.041504962,4,8,274,181,0.062793127,,,,
0.041529577,4,2,40,258,0.034823132,,,,
0.041736703,4,2,40,300,0.028784209,,,,
0.041787159,4,2,40,160,0.034501215,,,,
0.041809723,4,2,40,48,0.039637865,,,,
0.041811158,4,2,40,107,0.038215083,,,,
0.042066666,4,6,111,168,0.023024573,,,,
0.042477528,4,2,40,1,0.023916855,,,,
0.042651968,4,2,40,105,0.037488398,,,,
0.042673901,4,2,40,300,0.024179623,,,,
0.042733946,4,2,40,246,0.024147885,,,,
0.042928038,4,2,40,1,0.031591519,,,,
0.043018267,4,6,94,147,0.041524751,,,,
0.043092364,6,10,224,205,0.059476016,,,,
0.043117556,4,2,40,300,0.021652427,,,,
0.043126182,4,2,40,1,0.023835764,,,,
0.043322572,4,2,95,62,0.054599233,,,,
0.043337003,4,2,40,17,0.023077462,,,,
0.043379492,4,10,239,87,0.05434887,,,,
0.04355093,4,8,394,276,0.018810961,,,,
0.043563355,4,2,40,300,0.024174376,,,,
0.043669327,4,10,333,15,0.095101674,,,,
0.043695767,10,6,105,153,0.045941973,,,,
0.043797827,4,2,40,300,0.03554519,,,,
0.043834907,4,2,40,118,0.024046211,,,,
0.043968224,4,2,40,93,0.038790598,,,,
0.044099338,6,4,225,297,0.078075248,,,,
0.044562337,4,2,40,173,0.029469491,,,,
0.044627115,4,2,40,266,0.024179224,,,,
0.044650135,4,2,141,37,0.035190878,,,,
0.044816751,4,2,40,1,0.023906353,,,,
0.045009808,8,4,133,34,0.011330322,,,,
0.045021859,4,6,115,217,0.031538205,,,,
0.045080079,4,2,115,217,0.023767771,,,,
0.045264017,4,10,40,142,0.094099441,,,,
0.045297603,4,2,40,285,0.032649173,,,,
0.045308552,4,2,123,299,0.012320673,,,,
0.045442888,4,2,40,115,0.035729187,,,,
0.045446022,4,6,40,3,0.1,,,,
0.045468311,6,8,206,167,0.087633769,,,,
0.045509382,6,8,102,136,0.081201833,,,,
0.045626507,4,2,40,237,0.034645462,,,,
0.045708732,4,2,40,252,0.01964703,,,,
0.045795076,4,2,275,229,0.068709152,,,,
0.046293548,4,2,40,300,0.1,,,,
0.046426211,4,2,40,1,0.025227278,,,,
0.046480923,4,2,40,1,0.023907166,,,,
0.046548337,4,2,40,300,0.024150923,,,,
0.046771709,4,4,114,217,0.023182194,,,,
0.046846892,4,2,121,90,0.015879081,,,,
0.046919623,4,2,40,1,0.023787422,,,,
0.046923955,6,4,61,253,0.090413601,,,,
0.047099825,4,2,40,300,0.035510209,,,,
0.047197983,4,2,40,141,0.024946153,,,,
0.047389312,4,2,40,1,0.024858614,,,,
0.047477073,6,6,205,50,0.1,,,,
0.04759341,4,2,46,17,0.023883063,,,,
0.047615373,4,2,40,1,0.024003005,,,,
0.047711539,4,6,139,117,0.009037689,,,,
0.047988442,4,2,40,300,0.024087683,,,,
0.048376559,6,4,206,172,0.092301768,,,,
0.048411044,4,2,284,246,0.067101649,,,,
0.048470157,4,4,115,129,0.0001,,,,
0.048545822,6,6,105,273,0.032829931,,,,
0.048582003,4,2,40,80,0.038026787,,,,
0.048672171,4,10,65,165,0.009783914,,,,
0.04873576,6,10,99,229,0.080977933,,,,
0.048818676,4,6,265,200,0.071046507,,,,
0.048835413,6,8,222,196,0.066621362,,,,
0.048843719,4,2,125,131,0.010951944,,,,
0.048931214,6,8,389,211,0.080641924,,,,
0.048968788,4,2,154,154,0.024885049,,,,
0.049128726,4,2,249,41,0.0001,,,,
0.049185894,4,2,40,1,0.024072355,,,,
0.049235499,6,2,250,117,0.079162169,,,,
0.049292023,4,2,40,114,0.034337719,,,,
0.049391706,4,2,40,206,0.025166773,,,,
0.049464107,4,2,119,295,0.016510999,,,,
0.049600986,4,2,40,300,0.020093891,,,,
0.049649387,6,8,102,221,0.099055168,,,,
0.049717573,6,8,245,300,0.060816935,,,,
0.049731167,2,4,270,183,0.087144361,,,,
0.049783984,8,8,260,68,0.007443501,,,,
0.050088557,6,4,209,109,0.095047586,,,,
0.050192334,6,4,104,171,0.073239122,,,,
0.050238542,4,2,120,155,0.016465858,,,,
0.050249991,4,2,40,189,0.033880226,,,,
0.050353068,4,2,40,252,0.1,,,,
0.050373492,4,2,145,223,0.019925924,,,,
0.050660708,4,2,40,96,0.039542029,,,,
0.050693859,6,4,342,31,0.094465548,,,,
0.050764943,4,6,142,49,0.044063274,,,,
0.05085771,4,6,171,174,0.00586834,,,,
0.05087398,4,2,238,71,0.024908175,,,,
0.051080081,4,8,296,22,0.097123366,,,,
0.051102355,4,2,146,1,0.022744386,,,,
0.051193111,4,2,40,300,0.023497852,,,,
0.051288837,6,2,208,172,0.085599145,,,,
0.051519901,8,4,251,183,0.061551477,,,,
0.051576861,2,2,95,1,0.056572381,,,,
0.051784563,8,8,157,75,0.002934145,,,,
0.052183906,6,6,80,31,0.06136087,,,,
0.052216804,4,2,80,209,0.023652308,,,,
0.0522248,4,8,274,240,0.063970512,,,,
0.052364086,6,4,210,184,0.086389035,,,,
0.052553013,6,6,352,234,0.076701714,,,,
0.052583029,4,2,40,300,0.023093657,,,,
0.052632286,4,8,240,133,0.048605879,,,,
0.053221588,4,6,188,22,0.06435731,,,,
0.053260054,4,2,40,1,0.023809133,,,,
0.053284235,4,2,40,252,0.1,,,,
0.053319561,4,4,115,218,0.016813236,,,,
0.053610073,4,2,40,165,0.033388842,,,,
0.053660561,4,2,40,72,0.024147636,,,,
0.05380447,4,4,154,1,0.022550595,,,,
0.053908438,6,10,221,118,0.066863285,,,,
0.054021729,6,6,279,93,0.065193607,,,,
0.055134291,4,2,132,230,0.008938307,,,,
0.056411927,4,2,120,31,0.018363179,,,,
0.056707046,4,10,281,267,0.066765325,,,,
0.056747553,4,2,40,29,0.03561119,,,,
0.056896375,4,2,141,291,0.035608165,,,,
0.056900108,6,8,254,155,0.098848809,,,,
0.057131844,6,8,97,1,0.063032425,,,,
0.057255896,2,6,205,183,0.092983945,,,,
0.057617458,4,6,275,253,0.04529413,,,,
0.057699022,6,2,45,197,0.054570278,,,,
0.057727122,4,8,274,274,0.062695185,,,,
0.057915755,2,10,389,65,0.060583999,,,,
0.057933713,4,2,40,48,0.020064311,,,,
0.05830303,4,10,287,88,0.066113331,,,,
0.059156247,4,8,275,180,0.02905417,,,,
0.059453225,4,2,40,215,0.033972298,,,,
0.059705467,6,4,102,1,0.041029305,,,,
0.059712544,8,10,191,229,0.019160009,,,,
0.059720701,6,6,49,48,0.062818602,,,,
0.059957482,4,2,40,300,0.034290335,,,,
0.060090599,2,4,97,175,0.06876253,,,,
0.060136757,6,4,66,1,0.060186518,,,,
0.060149297,8,6,204,167,0.09847689,,,,
0.060277543,2,8,245,5,0.009571527,,,,
0.060808736,4,10,279,286,0.059787641,,,,
0.060866547,2,2,57,35,0.074809181,,,,
0.060911921,6,4,221,259,0.092311242,,,,
0.060917638,6,6,215,187,0.047615488,,,,
0.060993353,4,2,40,300,0.02488875,,,,
0.061039881,4,2,40,8,0.023909226,,,,
0.061131502,6,4,212,206,0.054250409,,,,
0.061583252,2,10,40,103,0.082999578,,,,
0.062385814,4,6,157,10,0.027210814,,,,
0.062563936,6,6,206,153,0.080670378,,,,
0.062797205,2,6,86,64,0.035732975,,,,
0.062849496,4,2,269,29,0.024671326,,,,
0.063398042,2,8,275,151,0.090933947,,,,
0.06348724,4,6,264,71,0.073071773,,,,
0.064081945,4,6,256,1,0.059075082,,,,
0.064264437,6,2,205,242,0.1,,,,
0.064365972,2,6,193,39,0.098767412,,,,
0.064884623,4,8,274,138,0.096092681,,,,
0.065251832,6,2,212,172,0.084371465,,,,
0.065510284,2,10,276,293,0.066741657,,,,
0.065978545,10,6,366,251,0.03075779,,,,
0.066064396,4,8,96,1,0.064010457,,,,
0.066305505,2,10,357,300,0.024659365,,,,
0.06650006,4,2,136,34,0.033836214,,,,
0.066792859,4,10,136,288,0.009392689,,,,
0.0671369,8,4,136,52,0.097365747,,,,
0.067745664,6,8,100,1,0.086130426,,,,
0.06816638,2,8,41,103,0.04838249,,,,
0.06984326,6,6,204,140,0.1,,,,
0.070783714,2,8,400,197,0.012946901,,,,
0.070904456,10,4,126,186,0.056077579,,,,
0.071313912,6,6,87,98,0.065705901,,,,
0.072802755,4,6,225,1,0.079017461,,,,
0.072915928,6,4,110,1,0.038089146,,,,
0.077100759,6,10,238,213,0.079957921,,,,
0.0771439,6,8,103,91,0.055814589,,,,
0.079633837,6,4,208,273,0.1,,,,
0.080176482,4,6,131,50,0.005232111,,,,
0.080234057,6,2,174,115,0.06250705,,,,
0.08053502,8,4,40,222,0.009078834,,,,
0.080536324,2,10,263,279,0.065387129,,,,
0.080601927,4,4,275,57,0.003452252,,,,
0.081726618,8,4,194,252,0.072709779,,,,
0.082662711,10,6,324,135,0.069248004,,,,
0.082884728,4,10,266,300,0.063301271,,,,
0.089043087,10,2,43,276,0.020185806,,,,
0.089131598,4,10,269,247,0.062359105,,,,
0.091666084,10,6,202,197,0.033474367,,,,
0.0955763,6,6,200,183,0.072868932,,,,
0.096301342,6,2,61,245,0.037155588,,,,
0.096705001,6,8,163,300,0.078477965,,,,
0.103461909,6,6,67,109,0.073180363,,,,
0.104845835,4,4,115,220,0.044473251,,,,
0.105360292,4,8,274,216,0.067012552,,,,
0.107203966,8,6,367,82,0.046459317,,,,
0.107589009,6,4,190,10,0.08988712,,,,
0.108423347,4,2,262,275,0.068832393,,,,
0.117962303,6,10,40,199,0.04582965,,,,
0.121320603,6,4,206,180,0.015560438,,,,
0.132352882,6,2,97,300,0.015838976,,,,
0.14354977,6,6,400,300,0.033581871,,,,
0.147749299,6,2,95,218,0.054011406,,,,
0.180437437,4,10,275,168,0.064276535,,,,
0.199014688,6,6,380,44,0.03610196,,,,
0.232061956,10,8,373,175,0.005542947,,,,
0.056787861,,,,,,,,,
